code,name,shares,weight,price,change_percent,amount,margin_ratio,market_cap,volatility,monthly_revenue,revenue_yoy,revenue_mom,revenue_momentum_rank,is_high_5d,is_high_20d,is_high_200d,currency
2330,台積電,9114000,9.39,2185.0,5.048076923076923,112917570260.0,0.4,56662566032500.0,3.9989811512990325,415191699.0,45.19,35.13,0.8053619302949062,True,True,True,TWD
2383,台光電,4125000,8.7,4475.0,9.146341463414634,19487669681.0,2.21,1603486922500.0,11.228891000804152,12010861.0,56.63,52.49,0.924396782841823,True,True,True,TWD
2308,台達電,6024000,5.89,2075.0,4.797979797979798,23696287544.0,0.8,5389902347500.0,8.673469387755102,59779988.0,37.6,34.0,0.7345844504021448,True,True,True,TWD
3653,健策,2267000,5.74,5370.0,1.1299435028248588,2528595110.0,4.3,787955136000.0,11.431360165355688,2163675.0,18.85,11.63,0.5737265415549598,False,False,False,TWD
3017,奇鋐,3902000,5.42,2945.0,9.888059701492537,15215988480.0,3.46,1172913396000.0,10.87259847590426,18017169.0,111.72,110.16,0.8900804289544236,True,True,True,TWD
3665,貿聯-KY,4097848,5.34,2765.0,0.3629764065335753,9885561115.0,4.79,540333258500.0,12.419116812351003,7013696.0,22.21,27.98,0.7994638069705093,True,True,True,TWD
2345,智邦,5231000,5.28,2140.0,2.8846153846153846,10883355076.0,1.51,1200792306000.0,10.75050709939148,25010823.0,44.42,64.02,0.5689008042895443,False,False,False,TWD
2368,金像電,7748000,5.08,1390.0,9.881422924901186,12001744990.0,3.72,709635171000.0,11.17023737911249,7384878.0,63.14,61.77,0.864343163538874,True,True,True,TWD
8046,南電,11881000,4.9,874.0,9.937106918238994,19652093707.0,5.17,564748647000.0,12.643335815338794,4290690.0,39.03,32.14,0.6563002680965148,True,True,True,TWD
2454,聯發科,3867000,4.44,2435.0,9.932279909706546,55362223685.0,2.25,3905526207000.0,8.653026427962489,63219184.0,12.89,-2.71,0.5361930294906166,True,True,True,TWD
6223,旺矽,1774000,3.89,4650.0,-2.9227557411273484,7148167980.0,5.02,455613045000.0,11.611360919801923,1388492.0,38.61,39.01,0.7683646112600536,False,False,False,TWD
3037,欣興,9287000,3.46,790.0,8.516483516483516,7675808875.0,8.55,1343239449000.0,11.308176618246163,13079019.0,23.26,24.45,0.7576407506702413,True,True,True,TWD
5274,信驊,351000,2.71,16370.0,4.467134652201659,8877172807.0,1.07,618830199000.0,11.855945121951219,1235429.0,63.62,52.37,0.914745308310992,True,True,True,TWD
6669,緯穎,1101000,2.41,4635.0,9.058823529411764,22637965200.0,5.37,861372108000.0,8.412091963268315,98649307.0,13.87,62.02,0.6745308310991958,True,True,False,TWD
2327,國巨*,14288000,2.0,297.0,0.6779661016949152,9677448351.0,5.61,615670902000.0,9.331476323119778,13630196.0,22.78,22.7,0.7785522788203754,False,False,False,TWD
3711,日月光投控,7654000,1.79,496.0,6.7814854682454255,13360922959.0,0.49,2206196492800.0,9.527886497064578,61576674.0,14.56,17.21,0.6310991957104558,True,True,True,TWD
6515,穎崴,368000,1.75,10060.0,-6.244175209692451,5706588710.0,3.31,362578496000.0,13.96505875961456,1221786.0,69.24,29.73,0.9592493297587131,False,False,False,TWD
6805,富世達,1698000,1.53,1915.0,0.2617801047120419,6893190660.0,15.01,131280718500.0,11.48440637130237,1600219.0,95.02,85.8,0.8772117962466488,False,False,False,TWD
6510,精測,875000,1.5,3630.0,-5.714285714285714,5683398755.0,7.97,119024070000.0,14.395502739628549,487462.0,25.51,17.79,0.763538873994638,False,False,False,TWD
6274,台燿,3019000,1.49,1045.0,10.0,4474939121.0,10.05,301706339000.0,10.969228852622399,3781706.0,72.34,57.89,0.885254691689008,True,True,True,TWD
2449,京元電子,10503000,1.42,286.0,3.063063063063063,10461896184.0,5.6,349705098600.0,9.654617036506801,3597874.0,36.05,39.32,0.7522788203753351,False,False,False,TWD
3661,世芯-KY,694000,1.38,4215.0,5.9045226130653266,13957419465.0,25.47,342610374000.0,9.741566078613433,1933218.0,-46.57,-60.07,0.04932975871313673,True,True,False,TWD
3189,景碩,5038000,1.25,526.0,9.812108559498958,29755624353.0,16.34,240272592000.0,12.770425044540595,3939324.0,25.05,28.83,0.7109919571045576,True,True,True,TWD
2303,聯電,30837000,1.08,74.5,1.2228260869565295,13617290734.0,2.51,937817644350.0,9.438517249435408,20830626.0,4.89,5.49,0.5560321715817694,False,False,False,TWD
8358,金居,5558000,0.94,359.5,-2.837837837837838,3236202954.0,36.75,90805386000.0,13.458516006286706,860691.0,42.81,46.53,0.8766756032171582,False,False,False,TWD
2317,鴻海,6927000,0.72,221.5,-1.5555555555555556,17199443102.0,1.59,3101753808800.0,5.5521509988969235,803737716.0,45.57,29.68,0.46809651474530833,False,False,False,TWD
8210,勤誠,1051000,0.6,1210.0,10.0,6406789725.0,11.99,151636232000.0,8.774869109947643,2506644.0,44.72,71.1,0.8541554959785522,True,True,True,TWD
6147,頎邦,7884000,0.54,145.0,8.208955223880597,2086232171.0,23.77,107966057500.0,15.320121951219518,2034617.0,11.45,11.92,0.6616621983914209,True,True,True,TWD
3443,創意,271000,0.52,4035.0,3.1969309462915603,7608248030.0,13.64,540738016500.0,11.56954487452148,3860470.0,33.47,62.98,0.8916890080428954,True,True,True,TWD
2404,漢唐,1091000,0.51,989.0,1.435897435897436,4484583428.0,8.72,188490246300.0,7.9008857251535085,7692593.0,100.57,76.15,0.7646112600536193,False,False,False,TWD
5439,高技,2880000,0.5,365.5,-2.921646746347941,3566956412.0,35.98,33982618350.0,11.90028901734104,913646.0,60.31,78.18,0.30563002680965146,False,False,False,TWD
3264,欣銓,4896000,0.48,210.0,6.329113924050633,4849608333.0,6.76,102935721000.0,13.250140213123949,1421480.0,27.01,23.98,0.749597855227882,True,True,True,TWD
8996,高力,535000,0.28,1125.0,-7.024793388429752,1690927530.0,20.35,104043262500.0,14.011599806669889,1273121.0,205.34,237.61,0.9715817694369974,False,False,False,TWD
7769,鴻勁,97000,0.22,4730.0,-1.6632016632016633,6968726420.0,0.0,851068900000.0,9.672414821886747,4288436.0,111.26,81.09,,False,False,False,TWD
6191,精成科,3985000,0.2,109.0,1.8691588785046727,1882984862.0,19.46,54424027000.0,8.706779746073167,3364786.0,78.22,80.88,0.4428954423592493,False,False,False,TWD
2481,強茂,3651000,0.17,100.0,0.0,1980011475.0,14.96,38211490000.0,10.655941208600229,1242276.0,19.13,11.37,0.5699731903485254,False,False,False,TWD
3211,順達,916000,0.16,381.5,-3.1725888324873095,7296390542.0,18.18,58874148200.0,11.615469007131102,1468139.0,76.33,41.54,0.3024128686327078,False,False,False,TWD
3376,新日興,1561000,0.16,213.0,-0.9302325581395349,2283224551.0,28.67,41697689400.0,9.287812041116005,805570.0,-9.59,-16.14,0.2450402144772118,False,False,False,TWD
6415,矽力*-KY,660000,0.14,436.0,4.9338146811071,2360862003.0,5.77,169446165191.6264,11.30448540463571,1777349.0,12.03,18.69,0.4809651474530831,True,True,True,TWD
4966,譜瑞-KY,370000,0.11,649.0,8.166666666666666,5119473143.0,27.91,51957512200.0,7.980168756256854,1477104.0,3.35,-3.88,0.4058981233243968,True,True,False,TWD
3324,雙鴻,170000,0.1,1215.0,9.95475113122172,11280796660.0,25.4,113085882000.0,9.587880599990035,3329237.0,91.72,93.68,0.9206434316353888,True,True,True,TWD
6488,環球晶,332000,0.09,582.0,1.7482517482517483,5526572138.0,3.09,278262173400.0,10.75061025223759,5445917.0,0.09,-10.32,0.3227882037533512,False,False,False,TWD
2313,華通,764000,0.08,214.5,-3.5955056179775284,23352037708.0,14.31,255645518700.0,12.444487352770807,6943219.0,11.12,16.84,0.4697050938337802,False,False,False,TWD
3217,優群,780000,0.07,177.0,-5.093833780160858,697324174.0,14.08,15948443400.0,5.0163576881134135,353819.0,4.9,2.63,0.23163538873994638,False,False,False,TWD
1303,南亞,1373000,0.06,85.9,0.8215962441314587,4717025323.0,2.19,681257575440.0,11.309559484566975,27167406.0,18.05,4.64,0.6621983914209115,False,False,False,TWD
2002,中鋼,5160000,0.05,19.0,-0.7832898172323686,841446440.0,0.86,299689451000.0,3.4749524413443194,28622383.0,-2.3,-4.81,0.5453083109919571,False,False,False,TWD
1319,東陽,508000,0.02,75.2,-0.5291005291005179,111066644.0,3.62,44479077920.0,4.187857098009673,2045347.0,-19.85,-22.76,0.36193029490616624,False,False,False,TWD
1815,富喬,107000,0.01,108.5,0.4629629629629629,3861955757.0,43.96,63460152700.0,12.634591795011584,681209.0,33.01,36.08,0.8729222520107238,False,False,False,TWD
2357,華碩,15000,0.0,585.0,-2.1739130434782608,3241542438.0,1.27,434514775500.0,4.287690179806362,86083764.0,33.84,41.08,0.6568364611260054,False,False,False,TWD
2439,美律,15000,0.0,86.7,0.0,257165912.0,5.03,22006792230.0,3.8051311617180756,3908500.0,24.04,23.86,0.2230563002680965,False,False,False,TWD
4979,華星光,1000,0.0,604.0,6.525573192239858,2247808047.0,30.55,85198005200.0,12.236522091609242,451568.0,20.18,11.86,0.7056300268096515,False,False,False,TWD
5347,世界,61000,0.0,140.5,3.308823529411765,5410075460.0,2.52,262324487100.0,10.717084639498434,4940712.0,7.28,4.87,0.5758713136729222,False,False,False,TWD
